-- DML pro naplnění dat podle Excelu
-- Zdroj: data model zvlášť.xlsx

USE `algebraic_logic`;

-- Zajistí, že backslash-escapes fungují standardně (kvůli hodnotám obsahujícím \)
SET @old_sql_mode := @@SESSION.sql_mode;
SET @@SESSION.sql_mode := REPLACE(@old_sql_mode, 'NO_BACKSLASH_ESCAPES', '');

START TRANSACTION;

-- =========================================
-- Algclasses
-- =========================================

INSERT INTO `Algclasses` (`id_algclass`, `algclass_name`, `alg_abbreviation`, `signature`) VALUES
  ('v1', 'Lattice', 'L', '{∧,v}'),
  ('v2', 'Bounded lattice', 'BL', '{∧,v,0,1}'),
  ('v3', 'Involutive lattice', 'IL', '{∧,v,′}'),
  ('v4', 'Ortholattice', 'OL', '{∧,v,′,0,1}'),
  ('v5', 'Orthomodular lattice', 'OML', '{∧,v,′,0,1}'),
  ('v6', 'Associative residuated ortholattice', 'A-ROL', '{∧,v,′,*,\\ ,0,1}'),
  ('v7', 'Boolean algebra', 'BA', '{∧,v,′,0,1}'),
  ('v8', 'Heyting algebra', 'HA', '{∧,v,\\ ,0,1}'),
  ('v9', 'Distributive lattice', 'DL', '{∧,v}'),
  ('v10', 'Modular lattice', 'ML', '{∧,v}'),
  ('v11', 'Gödel algebra', 'GA', '{∧,v,\\,0,1}'),
  ('v12', 'De Morgan algebra', 'DMA', '{∧,v,′,0,1}'),
  ('v13', 'Kleene algebra', 'KA', '{∧,v,′,0,1}');

-- =========================================
-- Logics
-- =========================================

INSERT INTO `Logics` (`id_logic`, `logic_name`, `logic_abbreviation`) VALUES
  ('l1', 'Classical propositional logic', 'CPL'),
  ('l2', 'Intuitionistic propositional logic', 'IPL'),
  ('l3', 'Gödel–Dummett logic', 'G'),
  ('l4', 'Orthologic', 'OL'),
  ('l5', 'Quantum logic 1', 'QL1'),
  ('l6', 'A-Substructural quantum logic', 'A-SQL'),
  ('l7', 'De Morgan logic', 'DML'),
  ('l8', 'Distributive lattice logic', 'DLL');

-- =========================================
-- Alg_prop
-- =========================================

INSERT INTO `Alg_prop` (`id_algprop`, `alg_property`, `algprop_abbrev`) VALUES
  ('ap1', 'Finite axiomatizability', 'FA'),
  ('ap2', 'variety', 'V'),
  ('ap3', 'generated by finite members', 'GFM'),
  ('ap4', 'Amalgamation property', 'AP'),
  ('ap5', 'Closed under canonical extensions', 'CE'),
  ('ap6', 'surjective epimorphisms', 'SE'),
  ('ap7', 'closed under ultraproducts', 'U'),
  ('ap8', 'equational definable principal congr.', 'EDPC'),
  ('ap9', 'Decidability of equational theory', 'ED'),
  ('ap10', 'first-order decidability', 'F-OD');

-- =========================================
-- L_prop
-- =========================================

INSERT INTO `L_prop` (`id_lprop`, `l_property`, `lprop_abbrev`) VALUES
  ('lp1', 'Completeness', 'Compl'),
  ('lp2', 'decidability', 'Dec'),
  ('lp3', 'Finite model property', 'FMP'),
  ('lp4', 'Interpolation property', 'IP'),
  ('lp5', 'Canonicity', 'Canon'),
  ('lp6', 'Beth definability', 'BD'),
  ('lp7', 'Compactness', 'Compact'),
  ('lp8', 'Deduction property', 'DP');

-- =========================================
-- axioms
-- =========================================

INSERT INTO `axioms` (`id_axiom`, `axiom_name`, `axiom_formula`) VALUES
  ('a1', 'commutativity ∧', 'x ∧ y = y ∧ x. '),
  ('a2', 'commutativity v', 'x v y = y v x. '),
  ('a3', 'associativity ∧', 'x ∧ (y ∧ z) = (x ∧ y) ∧ z. '),
  ('a4', 'associativity v', 'x v (y v z) = (x v y) v z. '),
  ('a5', 'Idempotency v', 'x v x = x.'),
  ('a6', 'Idempotency ∧', 'x ∧ x = x. '),
  ('a7', 'absorption ∧', 'x v (x ∧ y) = x. '),
  ('a8', 'absorption v', 'x ∧ (x v y) = x. '),
  ('a9', 'greatest', 'x ∧ 1 = x. '),
  ('a10', 'least', 'x v 0 = x. '),
  ('a11', 'involution', 'x'''' = x. '),
  ('a12', 'de morgan 1', '(x ∧ y)'' = x'' v y''. '),
  ('a13', 'de morgan 2', '(x v y)'' = x'' ∧ y''. '),
  ('a14', 'contradiction', 'x ∧ x'' = 0. '),
  ('a15', 'excluded middle', 'x v x'' = 1.'),
  ('a16', 'orthomodularity', 'x v (x'' ∧ (x v y)) = x v y. '),
  ('a17', 'modularity', '(y ∧ z) v (x ∧ z) = ((x ∧ z) v y) ∧ z. '),
  ('a18', 'distributivity', 'x ∧ (y v z) = (x ∧ y) v (x ∧ z). '),
  ('a19', 'godel', '(x \\ y) v (y \\ x) = 1.'),
  ('a20', 'sasaki product', 'x * y = x ∧ (x'' v y).'),
  ('a21', '\\ residual of *', '(x * y) ∧ z = x * y  ⇔  y ∧ (x \\ z) = y.  '),
  ('a22', 'associativity of *', '(x * y) * z = x * (y * z).'),
  ('a23', '\\ residual of ∧', '(x ∧ y) ∧ z = x ∧ y  ⇔  y ∧ (x \\ z) = y.  '),
  ('a24', 'kleene', '(x ∧ x'') ∧ (y v y'') =  (x ∧ x'') .');

-- =========================================
-- bridge
-- =========================================

INSERT INTO `bridge` (`id_lprop`, `id_algprop`) VALUES
  ('lp1', 'ap1'),
  ('lp3', 'ap3'),
  ('lp4', 'ap4'),
  ('lp5', 'ap5'),
  ('lp6', 'ap6'),
  ('lp7', 'ap7'),
  ('lp8', 'ap8');

-- =========================================
-- Algclass_axiom
-- =========================================

INSERT INTO `Algclass_axiom` (`id_algclass`, `id_axiom`) VALUES
  ('v1', 'a1'),
  ('v1', 'a2'),
  ('v1', 'a3'),
  ('v1', 'a4'),
  ('v1', 'a5'),
  ('v1', 'a6'),
  ('v1', 'a7'),
  ('v1', 'a8'),
  ('v2', 'a1'),
  ('v2', 'a2'),
  ('v2', 'a3'),
  ('v2', 'a4'),
  ('v2', 'a5'),
  ('v2', 'a6'),
  ('v2', 'a7'),
  ('v2', 'a8'),
  ('v2', 'a9'),
  ('v2', 'a10'),
  ('v3', 'a1'),
  ('v3', 'a2'),
  ('v3', 'a3'),
  ('v3', 'a4'),
  ('v3', 'a5'),
  ('v3', 'a6'),
  ('v3', 'a7'),
  ('v3', 'a8'),
  ('v3', 'a11'),
  ('v3', 'a12'),
  ('v3', 'a13'),
  ('v4', 'a1'),
  ('v4', 'a2'),
  ('v4', 'a3'),
  ('v4', 'a4'),
  ('v4', 'a5'),
  ('v4', 'a6'),
  ('v4', 'a7'),
  ('v4', 'a8'),
  ('v4', 'a9'),
  ('v4', 'a10'),
  ('v4', 'a11'),
  ('v4', 'a12'),
  ('v4', 'a13'),
  ('v5', 'a1'),
  ('v5', 'a2'),
  ('v5', 'a3'),
  ('v5', 'a4'),
  ('v5', 'a5'),
  ('v5', 'a6'),
  ('v5', 'a7'),
  ('v5', 'a8'),
  ('v5', 'a9'),
  ('v5', 'a10'),
  ('v5', 'a11'),
  ('v5', 'a12'),
  ('v5', 'a13'),
  ('v5', 'a14'),
  ('v5', 'a15'),
  ('v5', 'a16'),
  ('v6', 'a1'),
  ('v6', 'a2');

INSERT INTO `Algclass_axiom` (`id_algclass`, `id_axiom`) VALUES
  ('v6', 'a3'),
  ('v6', 'a4'),
  ('v6', 'a5'),
  ('v6', 'a6'),
  ('v6', 'a7'),
  ('v6', 'a8'),
  ('v6', 'a9'),
  ('v6', 'a10'),
  ('v6', 'a11'),
  ('v6', 'a12'),
  ('v6', 'a13'),
  ('v6', 'a20'),
  ('v6', 'a21'),
  ('v6', 'a22'),
  ('v7', 'a1'),
  ('v7', 'a2'),
  ('v7', 'a3'),
  ('v7', 'a4'),
  ('v7', 'a5'),
  ('v7', 'a6'),
  ('v7', 'a7'),
  ('v7', 'a8'),
  ('v7', 'a9'),
  ('v7', 'a10'),
  ('v7', 'a14'),
  ('v7', 'a15'),
  ('v7', 'a18'),
  ('v8', 'a1'),
  ('v8', 'a2'),
  ('v8', 'a3'),
  ('v8', 'a4'),
  ('v8', 'a5'),
  ('v8', 'a6'),
  ('v8', 'a7'),
  ('v8', 'a8'),
  ('v8', 'a9'),
  ('v8', 'a10'),
  ('v8', 'a18'),
  ('v8', 'a23'),
  ('v9', 'a1'),
  ('v9', 'a2'),
  ('v9', 'a3'),
  ('v9', 'a4'),
  ('v9', 'a5'),
  ('v9', 'a6'),
  ('v9', 'a7'),
  ('v9', 'a8'),
  ('v9', 'a17'),
  ('v10', 'a1'),
  ('v10', 'a2'),
  ('v10', 'a3'),
  ('v10', 'a4'),
  ('v10', 'a5'),
  ('v10', 'a6'),
  ('v10', 'a7'),
  ('v10', 'a8'),
  ('v10', 'a18'),
  ('v11', 'a1'),
  ('v11', 'a2'),
  ('v11', 'a3');

INSERT INTO `Algclass_axiom` (`id_algclass`, `id_axiom`) VALUES
  ('v11', 'a4'),
  ('v11', 'a5'),
  ('v11', 'a6'),
  ('v11', 'a7'),
  ('v11', 'a8'),
  ('v11', 'a9'),
  ('v11', 'a10'),
  ('v11', 'a18'),
  ('v11', 'a19'),
  ('v11', 'a23'),
  ('v12', 'a1'),
  ('v12', 'a2'),
  ('v12', 'a3'),
  ('v12', 'a4'),
  ('v12', 'a5'),
  ('v12', 'a6'),
  ('v12', 'a7'),
  ('v12', 'a8'),
  ('v12', 'a9'),
  ('v12', 'a10'),
  ('v12', 'a11'),
  ('v12', 'a12'),
  ('v12', 'a13'),
  ('v12', 'a18'),
  ('v13', 'a1'),
  ('v13', 'a2'),
  ('v13', 'a3'),
  ('v13', 'a4'),
  ('v13', 'a5'),
  ('v13', 'a6'),
  ('v13', 'a7'),
  ('v13', 'a8'),
  ('v13', 'a9'),
  ('v13', 'a10'),
  ('v13', 'a11'),
  ('v13', 'a12'),
  ('v13', 'a13'),
  ('v13', 'a18'),
  ('v13', 'a24');

-- =========================================
-- Blok_Pigozzi
-- =========================================

INSERT INTO `Blok_Pigozzi` (`id_logic`, `id_algclass`) VALUES
  ('l1', 'v7'),
  ('l2', 'v8'),
  ('l3', 'v11'),
  ('l4', 'v4'),
  ('l5', 'v5'),
  ('l6', 'v6'),
  ('l7', 'v12'),
  ('l8', 'v9');

-- =========================================
-- subclasses
-- =========================================

INSERT INTO `subclasses` (`id_superclass`, `id_subclass`) VALUES
  ('v1', 'v2'),
  ('v1', 'v3'),
  ('v1', 'v6'),
  ('v1', 'v11'),
  ('v2', 'v4'),
  ('v3', 'v4'),
  ('v4', 'v6'),
  ('v5', 'v7'),
  ('v6', 'v5'),
  ('v8', 'v11'),
  ('v9', 'v12'),
  ('v10', 'v9'),
  ('v11', 'v7'),
  ('v12', 'v13'),
  ('v13', 'v7');

-- =========================================
-- L_has_prop
-- =========================================

INSERT INTO `L_has_prop` (`id_logic`, `id_lprop`) VALUES
  ('l1', 'lp1'),
  ('l1', 'lp2'),
  ('l1', 'lp3'),
  ('l1', 'lp4'),
  ('l1', 'lp5'),
  ('l1', 'lp6'),
  ('l1', 'lp7'),
  ('l1', 'lp8');

-- =========================================
-- Alg_has_prop
-- =========================================

INSERT INTO `Alg_has_prop` (`id_algclass`, `id_algprop`) VALUES
  ('v7', 'ap1'),
  ('v7', 'ap2'),
  ('v7', 'ap3'),
  ('v7', 'ap4'),
  ('v7', 'ap5'),
  ('v7', 'ap6'),
  ('v7', 'ap7'),
  ('v7', 'ap8'),
  ('v7', 'ap9'),
  ('v7', 'ap10');

COMMIT;

SET @@SESSION.sql_mode := @old_sql_mode;
